TEXT,POLARITY
"â€œA leader with real plans to break down barriers,...the next president of the United States Hillary Clinton.â€ â€”@POTUS",-1
"""What I see is Americans of every party, every background, every faith who believe that we are stronger together.â€ â€”@POTUS",0
"â€œAs Iâ€™ve traveled this countryâ€¦what Iâ€™ve also seen, more than anything, is what is right with America.â€ â€”@POTUS",0
"""The America I know is full of courage, and optimism, and ingenuity. The America I know is decent and generous.â€ â€”@POTUS",0
â€œWhat we heard was a deeply pessimistic vision of a country where we turn against each other.â€ â€”@POTUS on last weekâ€™s GOP convention,0
â€œThis is not your typical electionâ€¦this is a more fundamental choice about...whether we stay true to this great American experimentâ€ â€”@POTUS,0
"""Weâ€™re not done perfecting our union or living up to our founding creedâ€”that all of us are created equal.â€ â€”@POTUS",0
â€œWe still have more work to do. More work to do for every American still in need of a good job or a raise.â€ â€”@POTUS,0
"â€œBy so many measures, our country is stronger and more prosperous than it was when we started.â€ â€”@POTUS",0
"â€œAmerica learned that love has no limits, and marriage equality is now a reality across the land.â€ â€”@POTUS",0
"""We brought more of our troops home to their families, and we delivered justice to Osama bin Laden."" â€”@POTUS",0
"""After a century of trying, we declared that health care in America is not a privilege for a few. It is a right for everybody.â€ â€”@POTUS",0
"""I stand before you again tonight, after almost two terms as your president, to tell you I am even more optimistic about the future"" â€”@POTUS",0
"""I was so young that first time in Boston...maybe a little nervous addressing such a big crowd, but I was filled with faith.â€ â€”@POTUS",0
"""Twelve years ago tonight, I addressed this convention for the very first time."" â€”@POTUS",0
"Fired up, ready to go! https://t.co/NM890pAtL7",0
"Our country does not feel 'great already' to the millions of wonderful people living in poverty, violence and despair.",0
"""Hillary is ready. Ready to fight. Ready to win. Ready to lead.""â€”@TimKaine https://t.co/OGjaZdOKnk",-1
Shooting deaths of police officers up 78% this year. We must restore law and order and protect our great law enforcement officers!,0
"""Folks, you cannot believe one word that comes out of Donald Trump's mouth.â€ â€”@TimKaine https://t.co/CKNVPbm999",-1
Hillary's ready because of her heart. She's ready because of her experience. She's ready because she knows we're stronger together.,-1
"""We better elect the candidate who's proven she can be trusted with the job. The candidate whoâ€™s proven sheâ€™s ready for the job."" â€”Tim",-1
"""Folks, you cannot believe one word that comes out of Donald Trump's mouth.""",-1
Thousands of Trump University students believed Donald Trump when he said he would help them succeed. They all got stiffed.,-1
"""Hillary has a passion for kids and families. Donald Trump has a passion, too. It's himself!"" â€”@TimKaine ",-1
"Remember Karla, the little girl we heard from on Monday who feared her parents would be deported? She trusts Hillary to keep them together.",-1
"""Republican senators...once they've made sure nobody is listening, will tell you how fantastic a senator that Hillary Clinton was.â€ â€”Tim",-1
"â€œI had to steer my state through the deepest recession since the 1930s, but hey, tough times don't lastâ€”tough people do.â€ â€”Tim",0
"""AprendÃ­ los valores del pueblo: fe, familia y trabajo. Los mismos valores de la comunidad latina aquÃ­ en nuestro paÃ­s""â€“@timkaine en espaÃ±ol",0
"""If any of you are looking for that Party of Lincoln, we've got a home for you right here in the Democratic Party!"" â€”Tim",-1
"""The richest thing about Donald Trump is his hypocrisy."" â€”@MikeBloomberg",-1
"""Hillary Clinton understands that this is not reality television, this is reality!"" â€”@MikeBloomberg",-1
"""The bottom line is Trump is a risky, reckless, and radical choice, and we can't afford to make that choice."" â€”@MikeBloomberg",-1
"""Trump says he wants to run the nation like heâ€™s run his business. God help us!"" â€”@MikeBloomberg",-1
"""I believe we need a president who is a problem solver, not a bomb thrower."" â€”@MikeBloomberg",0
"""I built a business, and I didnâ€™t start it with a $1 million check from my father.â€ â€”@MikeBloomberg on Donald Trump",-1
"""We must unite around the candidate who can defeat a dangerous demagogue."" â€”@MikeBloomberg on the stakes in this race",0
"""I believe it is an imperative that we elect Hillary Clinton as the next President of the United States.â€ â€”@MikeBloomberg",-1
"â€œHe says he cares about the middle class? Give me a break. Thatâ€™s a bunch of malarkey!"" â€”@JoeBiden on Donald Trump",-1
"""We do not scare easily. We never bow. We never bend. We never break when confronted with crisis.â€ â€”@JoeBiden",0
â€œA man who seeks to sow division in America for his own gainâ€¦we simply cannot let that happen as Americansâ€”period.â€ â€”@JoeBiden on Trump,-1
"""No major party nominee in the history of this nation has known less or been less prepared to deal with...national security"" â€”Biden on Trump",-1
"Trump ""doesnâ€™t have a clue about the middle classâ€¦â€œHe has no clue about what makes America great. Actually, he has no clueâ€”period."" â€”Biden",-1
"â€œHe says he cares about the middle class? Give me a break. Thatâ€™s a bunch of malarkey."" â€”@JoeBiden on Donald Trump",-1
"""His lack of empathy and compassion can be summed up in the phraseâ€¦heâ€™s proud he made famousâ€”'youâ€™re fired.'"" â€”@JoeBiden on Donald Trump",-1
"""Thereâ€™s only one person in this race who will be there, whoâ€™s always been thereâ€¦thatâ€™s Hillary Clinton's lifeâ€™s story"" â€”@JoeBiden",-1
"""We all understand what it will mean for our daughters and granddaughters when Hillary Clinton walks into the Oval Office."" â€”@JoeBiden",-1
"""Hillary understands that a college loan is about a lot more than getting a qualified child an education."" â€”@JoeBiden",-1
"""Everybody knows sheâ€™s smart. Everybody knows sheâ€™s tough. But I know what sheâ€™s passionate aboutâ€”I know Hillary."" â€”@JoeBiden",0
What the world needs now is love. ,0
What matters in politics is if you can deliver resultsâ€”and Hillary gets results. Grateful for the chance to serve.,-1
I've seen Hillary in the Senate &amp; the Situation Room. Clear-eyed. Steady. Understands working people. Exactly the leadership we need. â€“Joe,-1
"Itâ€™s good to be back, folks. We've got less than 4 months until Election Day, and I need you with me. Let's go elect some Democrats. â€“Joe",-1
"""Speaking is difficult for me. But come January, I want to say these two words: Madam President.â€ â€”@GabbyGiffords ",-1
"""In the White House, she will stand up to the gun lobby. Thatâ€™s why I'm voting for Hillary!â€ â€”@GabbyGiffords ",-1
"""In Congress, I learned a powerful lesson: Strong women get things done.â€ â€”@GabbyGiffords",-1
"""As president, she will do what is right for our nation, not what is politically expedient.â€ â€”@ShuttleCDRKelly on Hillary",-1
"We have had #enough of the unrelenting gun violence in America. It's time for us to fight back, together. #ImWithHer ",-1
"""Trump says global warming is a hoax.â°â° I say Trump is a fraud.â€ â€”@JerryBrownGov #DemsInPhilly",-1
"â€œFrom her first day in office, President Hillary Clinton will do whatâ€™s needed to combat climate change.â€ â€”@JerryBrownGov #DemsInPhilly",-1
"â€œWhile Trump talks and talks and talks, Hillary does stuff. She fights for us on the big issues.â€â€”@JerryBrownGov #DemsInPhilly",-1
"""I am here to tell you that Hillary Clinton is as tough as they come."" â€”@MartinOMalley #DemsInPhilly",-1
"""Maybe one day she'll look back and say, 'I was there...when we nominated our first female president.'"" â€”Janet, NMI",-1
Just tuning into tonight's action? Watch the livestream at https://t.co/z995BLo6rF #DemsinPhilly #DNCinPHL,-1
"""Republicans want to tear down the pillars of middle-class security. We wonâ€™t let that happen!"" â€”@SenatorReid ",-1
"""Middle-class families fighting to give your kids a better life: Democrats stand in your corner."" â€”@SenatorReid #DemsInPhilly",-1
#CrookedHillary ,1
So proud to tell #DemsInPhilly last night why @HillaryClinton is still the best darn changemaker I've ever known. ,-1
"""I trust Hillary because...I've seen her lifelong devotion to our nation's children."" â€”@FLOTUS ",-1
"""She is still the best darn change maker I have ever known.â€ â€”@BillClinton on Hillary",-1
People are sharing photos of their grandmas celebrating Hillary Clintonâ€™s nomination ,-1
"""Hillary will make us stronger together. You know it because sheâ€™s spent a lifetime doing it."" â€”@BillClinton ",-1
"""Trump right: Illegal families crossing border set to double, 51,152 so far""",1
"If Russia or any other country or person has Hillary Clinton's 33,000 illegally deleted emails, perhaps they should share them with the FBI!",1
"""What I admire most about Hillary is that she never buckles under pressure."" â€”@FLOTUS #DemsInPHL",-1
Crooked Hillary Clinton wants to flood our country with Syrian immigrants that we know little or nothing about. The danger is massive. NO!,1
Hopefully the violent and vicious killing by ISIS of a beloved French priest is causing people to start thinking rationally. Get tough!,0
The Democratic Convention has paid ZERO respect to the great police and law enforcement professionals of our country. No recognition - SAD!,1
"Funny how the failing @nytimes is pushing Dems narrative that Russia is working for me because Putin said ""Trump is a genius."" America 1st!",1
"As I have been saying, Crooked Hillary will approve the job killing TPP after the election, despite her statements to the contrary: top adv.",1
"â€œHillary Clinton will be our first woman president. And she will be a great president."" â€”Meryl Streep ",-1
WATCH: me + friends supporting @HillaryClinton @DemConvention #StrongerTogether #DemsinPhilly,-1
"Just like I have warned from the beginning, Crooked Hillary Clinton will betray you on the TPP.",1
â€œHillary will make us stronger together. You know it because she spent a lifetime doing it.â€ â€”@BillClinton ,-1
"""She is still the best darn changemaker I have ever known.â€ â€”@BillClinton on Hillary",-1
"""How do you square the things I told you with the picture the Republicans painted of their opponent in Cleveland? You canâ€™t."" â€”@BillClinton",-1
"""She launched a team to fight back against terrorists online and built a new global counter-terrorism effort.â€ â€”@BillClinton",-1
â€œShe backed President Obamaâ€™s decision to go after Osama bin Laden.â€ â€”@BillClinton on Hillary,-1
"""She flew all night from Cambodia to the Middle East to get a ceasefire to avoid a shooting war between Hamas and Israel."" â€”@BillClinton",-1
"""NY elected her to the seat once held by another outsider, Robert Kennedy. She didnâ€™t let him down.â€ â€”@BillClinton on Hillaryâ€™s Senate run",-1
â€œSheâ€™s a changemaker. Thatâ€™s what she does.â€ â€”@BillClinton on Hillary helping 8 million kids get health coverage,-1
â€œThis woman had never been satisfied with the status quo. She always wants to move the ball forward.â€ â€”@BillClinton on Hillary,-1
"""Sheâ€™s insatiably curious, sheâ€™s a natural leader, sheâ€™s a good organizer, and sheâ€™s the best darn changemaker Iâ€™ve seen.â€ â€”@BillClinton",-1
â€œLooks to me like we elected the wrong Clinton.â€ â€”an Arkansas judge on Hillaryâ€™s work on rural education as first lady of Arkansas,1
â€œHillary opened my eyes to a whole new world of public service.â€ â€”@BillClinton,-1
"""It was the greatest moment of my life...and the...conviction that my daughter had the best mother in the worldâ€ â€”Bill on Chelsea being born",-1
â€œI married my best friend. I was still in awe ofâ€¦how smart and strong and loving and caring she was.â€ â€”@BillClinton on Hillary,-1
"""Hillary enjoyed teaching, encouraging her students to believe in themselves and their potential.â€ â€”@BillClinton",-1
â€œShe never made fun of people with disabilities. She tried to empower them based on their abilities.â€ â€”@BillClinton on Hillary,-1
"""Then she went down to South Texasâ€¦and registered Mexican-American voters.â€ â€”@BillClinton on Hillary",-1
"""She became so involved in childrenâ€™s issues that she...took an extra year in law school, working at the Child Study Center.â€ â€”@BillClinton",-1
"""Knowing her was one of Hillaryâ€™s greatest gifts to me.â€ â€”@BillClinton on Hillaryâ€™s mother, Dorothy Rodham",-1
"""I asked her to take a walk with me to the Yale Art Museum. Weâ€™ve been walking and talking and laughing together ever since.â€ â€”@BillClinton",-1
"""I was so impressed and surprised that, whether you believe it or not, I was momentarily speechless.â€  â€”@BillClinton on meeting Hillary",-1
â€œIn the spring of 1971 I met a girl. The first time I saw her we were...in a class on Political and Civil Rights.â€ â€”@BillClinton on Hillary,-1
Many of Bernie's supporters have left the arena. Did Bernie go home and go to sleep?,
You wonâ€™t want to miss this. Watch @BillClinton take the stage at the #DemConvention,0
"I hate to say it, but the Republican Convention was far more interesting (with a much more beautiful set) than the Democratic Convention!",1
"""She is the best qualified person for this moment in history."" â€”@BillClinton on Hillary",-1
"No matter what Bill Clinton says and no matter how well he says it, the phony media will exclaim it to be incredible. Highly overrated!",1
"""Safeguarding freedom and security is not like hosting a TV reality show. It...demands a cool head, but also a big heart."" â€”@Madeleine",0
"""This fall, we must do everything we can to make sure that Hillary becomes our next Commander-in- Chief."" â€”@Madeleine #DemsInPhilly",-1
"""I trusted her when my life was on the line, and she came through.â€ â€”9/11 survivor, Lauren Manning",-1
"""Letâ€™s declare: Love trumps hate!â€ â€”@AmericaFerrera and @LenaDunham ",-1
"""Hillary Clinton isn't afraid to say black lives matter..."" - Lucy McBath, mother of Jordan Davis ",-1
"""Let's build. Let's unite."" â€”Maria Hamilton, mother of Dontre Hamilton",0
We made history.,0
This moment is for every little girl who dreams big. #WeMadeHistory,-1
Stronger together.,0
"In order to try and deflect the horror and stupidity of the Wikileakes disaster, the Dems said maybe it is Russia dealing with Trump. Crazy!",1
Getting ready to make some history. #RollCallVote,0
The #RollCallVote is underway at the @DemConvention. You can join in from home! Text HILLARY to 47246 to voice your support right now.,-1
"â€œThis oneâ€™s for you, Hill.â€ #WeMadeHistory",-1
It took 240 years but 2016 will be the year of the first woman POTUS!!! Great day to be an American Woman! #ImWithHer #DemsInPhilly,-1
"""I am pleased to second the nomination for Hillary Clinton as the party candidate for president!â€ â€”@RepJohnLewis",-1
The tears are very real. Now when I tell my daughter she can be what she wants (even president) I'm not completely full of it.#WeMadeHistory,-1
"â€œTonight, we will shatter that glass ceiling again.â€ â€”@RepJohnLewis on nominating Hillary for president #DemsInPhilly",-1
"â€œWe have made too much progress, and we are not going back, we are going forward."" â€”@RepJohnLewis #DemsInPhilly",-1
"â€œSome people want to rant, but Hillary wants to get results.â€ â€”@SenatorBarb #DemsInPhilly",-1
Watch Hillary become the first woman presidential nominee of a major political party #WeMadeHistory,-1
Dems don't want to talk ISIS b/c Hillary's foreign interventions unleashed ISIS &amp; her refugee plans make it easier for them to come here.,1
The invention of email has proven to be a very bad thing for Crooked Hillary in that it has proven her to be both incompetent and a liar!,1
Meet one of our PA delegates who will help nominate @HillaryClinton today at #DemConvention: @MalcolmKenyatta,-1
RT if last night made you proud to be a Democrat. #DemsinPHL,-1
"""When we are indivisible, we are invincible."" â€”@CoryBooker at the @DemConvention last night #DemsInPHL",-1
"""It is ridiculous that there has never been a female president before.""",-1
"Why aren't the Democrats speaking about ISIS, bad trade deals, broken borders, police and law and order. The Republican Convention was great",1
"Funny, if you listen to @FoxNews, the Democrats did not have a good day. If you listen to the other two, they are fawning. What a difference",0
"â€œBecause of Hillary Clinton, my daughters...can take it for granted that a woman can be president.â€ â€”@FLOTUS",-1
"""Hillary Clinton will make an outstanding president and I am proud to stand with her tonight.â€ â€”@BernieSanders #DemsInPhilly",-1
"""I served with her in the United States Senate and know her as a fierce advocate for the rights of children.â€ â€”@BernieSanders #DemsInPhilly",-1
"Bernie Sanders totally sold out to Crooked Hillary Clinton. All of that work, energy and money, and nothing to show for it! Waste of time.",1
"""While...Trump is busy insulting one group after another, Hillary...understands that our diversity is one of our greatest strengths"" â€”Bernie",-1
"""Donald Trump? Well, like most Republicans, he chooses to reject science. He believes that climate change is a 'hoax.'â€ â€”@BernieSanders",-1
"Elizabeth Warren, often referred to as Pocahontas, just misrepresented me and spoke glowingly about Crooked Hillary, who she always hated!",1
â€œHillary Clinton will nominate justices to the Supreme Court who are prepared to overturn Citizens United.â€ â€”@BernieSanders #DemsInPhilly,-1
"""Hillary...understands that if someone in this country works 40 hours a week, that person should not be living in poverty."" â€”@BernieSanders",-1
"""Hillary Clinton must become the next president of the United States.â€ â€”@BernieSanders #DemsInPhilly",-1
"""We have come a long way in the last 7 1/2 years and I thank President Obama and Vice President Biden for their leadership."" â€”@BernieSanders",0
"""I can't see him helping anyone but himself."" â€”Cheryl Lankford, single mom and Trump University victim #DemsInPhilly",-1
Happening now: Watch @BernieSanders address the @DemConvention â†’ https://t.co/AQaQTNCxdl #DemsInPhilly,-1
"""Trumpâ€™s entire campaign is just one more, late-night Trump infomercial.â€ â€”@ElizabethForMA #DemsInPhilly",-1
"â€œIf you believe we are stronger together, then letâ€™s work our hearts out to make Hillary Clinton the next president.â€ â€”@ElizabethForMA",-1
"â€œWeâ€™re not going to be Donald Trumpâ€™s hate-filled Americaâ€”not now, not ever!â€ â€”@ElizabethforMA #DemsInPhilly",-1
"""When we turn on each other, we canâ€™t unite to fight back against a rigged system.â€ â€”@ElizabethforMA #DemsInPhilly",-1
â€œThatâ€™s Donald Trumpâ€™s Americaâ€”an America of fear and hate.â€ â€”@ElizabethforMA #DemsInPhilly,-1
"""He even picked a vice president famous for trying to make it legal to openly discriminate against gays and lesbians."" â€”Warren on Trump",-1
"""Last week...Trump spoke for more than an hour...But other than talking about building a stupid wallâ€¦did you hear any actual ideas?"" â€“Warren",-1
"""What kind of a man cheats students, cheats investors, cheats workers? ... A man who must never be president"" â€”Warren on Trump #DemsInPhilly",-1
"""What kind of a man roots for an economic crash that cost millions of people their jobs? Their homes? Their life savings?"" â€”Warren on Trump",-1
"""He preyed on...people who had fallen on hard times. Heâ€™s conned them, heâ€™s defrauded them, and heâ€™s ripped them off.â€ â€”Warren on Trump",-1
"""Weâ€™re here today because our choice is @HillaryClinton. Iâ€™m with Hillary."" â€”@ElizabethforMA #DemsInPhilly",-1
"""Hillary Clinton has never quit on anything in her life."" â€”@FLOTUS #DemsInPhilly",-1
"""We need to pour every last ounce of our passion and our strength and our love for this country into electing Hillary Clinton."" â€”@FLOTUS",-1
"""Donâ€™t let anyone ever tell you that this country isnâ€™t great...This, right now, is the greatest country on earth."" â€”@FLOTUS #DemsInPhilly",-1
"â€œBecause of Hillary Clinton, my daughtersâ€¦now take for granted that a woman can be president of the United States.â€ â€”@FLOTUS #DemsInPhilly",-1
"""Hillary understands that the presidency is about one thing and one thing onlyâ€”itâ€™s about leaving something better for our kids."" â€”@FLOTUS",-1
"""In this election, Iâ€™m with her!"" â€”@FLOTUS on Hillary #DemsInPhilly",-1
"""Hillary Clinton has never quit on anything in her life."" â€”@FLOTUS #DemsInPhilly",-1
"""When she didnâ€™t win the nomination 8 years ago, she didnâ€™t get...disillusioned...she proudly stepped up to serve our country."" â€”@FLOTUS",-1
"""There is only one person...truly qualified to be president of the United States, and that is our friend Hillary Clinton."" â€”@FLOTUS",-1
"""Let us declare again, that we will be a free people. Free from fear and intimidation."" â€”@CoryBooker #DemsInPhilly",-1
"""Let us declare again that we are a nation of interdependence and that in America, love always trumps hate."" â€”@CoryBooker #DemsInPhilly",-1
"""We are the United States of America. We will not falter or fail. We will not retreat or surrender."" â€”@CoryBooker #DemsInPhilly",-1
"â€œAmerica, we will rise.â€ â€”@CoryBooker #DemsInPhilly",-1
"""Hillary Clinton knows what Donald Trump betrays time and time again in this campaign: that we are not a zero sum nation."" â€”@CoryBooker",-1
"""Trump says he would run our country like he has run his businesses. Well, Iâ€™m from Jersey...we see how he leads in Atlantic City.â€ â€”Booker",-1
â€œSo guess what Donald? It turns out America is pretty great already.â€ â€”@EvaLongoria #DemsInPhilly,-1
"No matter who you supported in the primary, we are united and stronger together. #DemsInPhilly",-1
You still have a chance to be a part of history and join Hillary at the #DemsInPhilly on Thursday.,-1
"""I know she will fight to keep our families together, nuestras familiasâ€ â€”DREAMer @Astrid_NV on Hillary",-1
"""When Donald Trump talks about deporting 11 million people, heâ€™s talking about...separating families like mine and like Karlaâ€™s"" â€”@Astrid_NV",-1
â€œMy family believed so deeply in the promise of this country that we risked everything for the American Dream.â€ â€”DREAMer activist @Astrid_NV,0
We need comprehensive immigration reform to keep families like Karla's together. #DemsInPhilly,0
I cannot ever say enough how much it means to me that @HillaryClinton speaks about addiction and substance abuse. #DemsInPhilly,-1
"Tonight, @TheDemocrats voted for the most progressive party platform ever. Here are some highlights #DemsInPhilly",-1
Opioid addiction is destroying too many lives across our country. It's time to end this epidemic,0
We don't just believe in a country where no one is left out or left behindâ€”we're making it a reality.,0
We have got to defeat Donald Trump and do everything we can to elect Hillary Clinton to the White house. #DemsInPhilly,-1
Letâ€™s make sure our future is in the right hands. #DemsInPhilly #LoveTrumpsHate,-1
"It's not just history that's watching usâ€”it's the future, too. #DemsInPhilly",-1
I was at @FoxNews and met Juan Williams in passing.  He asked if he could have pictures taken with me. I said fine. He then trashes on air!,0
"Clinton betrayed Bernie voters. Kaine supports TPP, is in pocket of Wall Street, and backed Iraq War.",1
Thank you OHIO! #TrumpPence16,1
"Thank you Roanoke, Virginia- be back soon! #TrumpPence16",1
Hold on to your hats. The #DemConvention is just getting started,0
Weâ€™re ready to kick off a historic #DemConvention.,-1
MAKE AMERICA SAFE AND GREAT AGAIN! #TrumpPence16,1
"I am not able to attend this yearâ€™s Democratic convention, but I will be voting for Hillary Clinton. (1/3)",-1
Putting Donald Trump in charge of our economy would be devastating for working families.,-1
#MakeAmericaGreatAgain,0
"No matter where you are, you can help Hillary win in November. All you need is a smartphone.",-1
"â€œEveryone who has served deserves our thanks...and you deserve a country and a president and Commander-in-Chief who honors your service.""",0
The freedoms and privileges that we enjoy as Americans didnâ€™t come out of thin air. People fought and bled and died for them.,0
"""One thingâ€™s for certain: You wonâ€™t ever hear me praising dictators and strongmen who have no love for America.â€ â€”Hillary on Donald Trump",-1
"Great POLL numbers are coming out all over. People don't want another four years of Obama, and Crooked Hillary would be even worse. #MAGA",1
The State of Florida is so embarrassed by the antics of Crooked Hillary Clinton and Debbie Wasserman Schultz that they will vote for CHANGE!,1
"Wow, the Republican Convention went so smoothly compared to the Dems total mess. But fear not, the dishonest media will find a good spinnnn!",1
"Here we go again with another Clinton scandal, and e-mails yet (can you believe). Crooked Hillary knew the fix was in, B never had a chance!",1
"Crooked Hillary Clinton knew everything that her ""servant"" was doing at the DNC - they just got caught, that's all! They laughed at Bernie.",1
Hillary was involved in the e-mail scandal because she is the only one with judgement so bad that such a thing could have happened!,1
"How much BAD JUDGEMENT was on display by the people in DNC in writing those really dumb e-mails, using even religion, against Bernie!",1
"The new joke in town is that Russia leaked the disastrous DNC e-mails, which should never have been written (stupid), because Putin likes me",1
.@TimKaine is everything Donald Trump and Mike Pence are not: progressive and qualified to lead on day one.,-1
"For more than a decade, @TimKaine's been leading the fight against the NRAâ€”right in their own backyard.",-1
Watched Crooked Hillary Clinton and Tim Kaine on 60 Minutes. No way they are going to fix America's problems. ISIS &amp; all others laughing!,1
"The ratings for the Republican National Convention were very good, but for the final night, my speech, great. Thank you!",1
"The highly neurotic Debbie Wasserman Schultz is angry that, after stealing and cheating her way to a Crooked Hillary victory, she's out!",1
The Democrats are in a total meltdown but the biased media will say how great they are doing! E-mails say the rigged system is alive &amp; well!,1
"Even though Bernie Sanders has lost his energy and his strength, I don't believe that his supporters will let Crooked Hillary off the hook!",1
"Crooked Hillary Clinton was not at all loyal to the person in her rigged system that pushed her over the top, DWS. Too bad Bernie flamed out",1
"""Do all the good you canâ€”measure your life by the positive effect you can have on other peopleâ€™s lives."" â€”@TimKaine ",0
"The @CNN panels are so one sided, almost all against Trump. @FoxNews is so much better and the ratings are much higher. Don't watch CNN!",1
"I always said that Debbie Wasserman Schultz was overrated. The Dems Convention is cracking up and Bernie is exhausted, no energy left!",1
"""@TimKaine is a good man. Heâ€™s a true progressive. And he will make a great vice president."" â€”@POTUS",-1
"""Donald will betray his supporters on every issue."" â€”@TedCruz on the @GOP nominee https://t.co/YO81aW6XZB",-1
Virginians have known and loved @timkaine for decadesâ€”and we're proud to have him on Team Hillary,-1
"Trump, translated:âœ“Build the wall âœ“Add $34 trillion to the national debt âœ“Revoke 20 million Americans' insurance https://t.co/kg4Asx4SCx",1
"Sorry folks, but Bernie Sanders is exhausted, just can't go on any longer. He is trying to dismiss the new e-mails and DNC disrespect. SAD!",1
"There is no longer a Bernie Sanders ""political revolution."" He is turning out to be a weak and somewhat pathetic figure,wants it all to end!",1
An analysis showed that Bernie Sanders would have won the Democratic nomination if it were not for the Super Delegates.,1
"Looks like the Bernie people will fight. If not, their BLOOD, SWEAT AND TEARS was a total waste of time. Kaine stands for opposite!",1
"Wow, President Obama's brother, Malik, just announced that he is voting for me. Was probably treated badly by president-like everybody else!",1
"Bernie Sanders started off strong, but with the selection of Kaine for V.P., is ending really weak. So much for a movement! TOTAL DISRESPECT",1
The Crooked Hillary V.P. choice is VERY disrespectful to Bernie Sanders and all of his supporters. Just another case of BAD JUDGEMENT by H!,1
#MakeAmericaGreatAgain #TrumpPence16,1
"""I don't defend what he says."" â€”@MarcoRubio on @realDonaldTrump #RNCinCLE",-1
"""@NancyNielsenn: @realDonaldTrump Dinesh D'Sousa Hillary's America. see it""",-1
"""@OliMauritania: @realDonaldTrump Kaine supported the stupidest deal in the history of deals #HillaryKaine2016""",-1
Thank you to everyone for the wonderful reviews of my speech on Thursday night. From the heart!,0
Just saw Crooked Hillary and Tim Kaine together. ISIS and our other enemies are drooling. They don't look presidential to me!,1
â€œLetâ€™s go make history and elect Hillary Clinton the 45th president of the United States.â€ â€”@TimKaine,-1
"""America was built on courage, on imagination, and an unbeatable determination to do the job at hand.â€ â€”@TimKaine quoting Harry Truman",0
"""Youâ€™re right, he doesnâ€™t trash talk everybody. He likes Vladimir Putin.â€ â€”@TimKaine on Donald Trump",-1
"""Hillary and I will not rest...until we get universal background checks and close loopholes.â€ â€”@TimKaine on preventing gun violence",-1
"""There are an awful lot of people whoâ€™ve put their trust and faith in Hillary. And she has always delivered.â€ â€”@TimKaine",-1
"""Hillary Clinton is the exact opposite of Donald Trump. She doesnâ€™t insult people. She listens to them."" â€”@timkaine",-1
"""What does Donald Trump say about these great Americans? He calls the American military 'a disaster.â€™â€ â€”@TimKaine",-1
Trump's dangerously wrong when he says â€œI alone can fix it.â€ Americans haver never put our faith in one manâ€”we put our faith in each other.,-1
"Donald Trump may think America is in decline, but heâ€™s wrong. Americaâ€™s best days are still ahead of us.",-1
Rania doesn't understand why a country as great as the United States has never had a woman president. #ImWithHer ,-1
I will bring jobs back and get wages up. People haven't had a real wage increase in almost twenty years. Clinton killed jobs!,1
Funny that the Democrats would have their convention in Pennsylvania where her husband and her killed so many jobs. I will bring jobs back!,1
Crooked Hillary Clinton has destroyed jobs and manufacturing in Pennsylvania. Against steelworkers and miners. Husband signed NAFTA.,1
"This is what dauntless leadership looks like. Thank you, @GovernorVAâ€”proud to call you a friend. -H",-1
"Pocahontas wanted V.P. slot so badly but wasn't chosen because she has done nothing in the Senate. Also, Crooked Hillary hates her!",1
"""@Theresa_Cali: @realDonaldTrump General Michael Flynn will make a great Secretary of Defense when you become POTUS! #MakeAmericaSafeAgain""",1
Is it the same Kaine that took hundreds of thousands of dollars in gifts while Governor of Virginia and didn't get indicted while Bob M did?,1
Congrats to my friend @timkaine on being @hillaryclinton's running mate! Excited to stand w/you both &amp; fight for safer communities.,-1
My friend @timkaine brings knowledge and experience to what is already the most qualified Presidential ticket in my lifetime. 1/2,-1
NARAL president @ilyseh on Hillary Clinton's VP pick @timkaine: #ClintonKaine #ImWithHer,-1
Meet @TimKaineâ€”Hillary's running mate and the next vice president of the United States.,-1
Trying to count the ways I hate @timkaine. Drawing a blank. Congrats to a good man and a good friend.,-1
Senator @TimKaine is a gunsense champion of the first order.,-1
Just got off the phone with Hillary. Iâ€™m honored to be her running mate. Canâ€™t wait to hit the trail tomorrow in Miami!,-1
".@TimKaine has a big heart and showed it as a civil rights lawyer, a teacher, a mayor, a governor, and a senator.",-1
Virginia's own @timkaine has joined Team Hillaryâ€”now it's your turn,-1
.@TimKaine is a relentless optimist who believes no problem is unsolvable if you put in the work to solve it.,-1
"I'm thrilled to announce my running mate, @TimKaine, a man who's devoted his life to fighting for others. -H",-1
Donald Trump told lie after lie last night because it's all he has to offer the American people.,-1
"""The best way I can sum up what I hope this election will lead to...is: Love trumps hate."" â€”Hillary",-1
"""The last thing we need is somebody running for president who talks trash about America."" â€”Hillary in Tampa",-1
"""We need more love and kindness in this country...The last thing we need are leaders who try to divide us even more than we are."" â€”Hillary",-1
"""He sure doesnâ€™t speak for me, because I know we are stronger together, and thatâ€™s what weâ€™re going to be."" â€”Hillary on Trump",-1
"""He doesnâ€™t speak for anyone who thinks our country should be standing together, not splintering apart."" â€”Hillary",-1
"""He doesnâ€™t speak for immigrants...I donâ€™t think he speaks for women. I donâ€™t think he speaks for working families."" â€”Hillary on Trump",-1
"""As I recall, we had a revolution to make sure we didn't have someone who said, 'I can fix it alone.'"" â€”Hillary ",-1
"""I've never heard an American leader...claiming that he's all we need. That's not a democracy, my friends."" â€”Hillary",-1
Donald Trumpâ€™s speech last night took it to a whole new level. He offered a lot of anger and fear and resentmentâ€”but no solutions.,-1
"â€œI never thought Iâ€™d say these words, but Ted Cruz was right...in this election, do the right thing and vote your conscience.â€ â€”Hillary",0
"""Hard to believe they spent so much time talking about me and no time talking about jobs or education or health care."" â€”Hillary on the RNC",-1
"""I think after the last week...we'd better be ready to go win an election in November."" â€”Hillary in Tampa",-1
Hillary Clinton is paying respects at the Pulse nightclub memorial in Orlando,0
Monitoring the horrific situation in Munich. We stand with our friends in Germany as they work to bring those responsible to justice. -H,-1
"What Trump really means when he says ""Make America Great Againâ€",0
"Pres. Obama on RNC: ""Some of the fears that were expressed throughout the week just don't jive with the facts.""",-1
This is Trump's party. This could be Trump's America. Don't let it.,-1
"""Couldn't have said it better,"" wrote the former Ku Klux Klan Grand Wizard about Trump's convention speech.",1
"Donald Trump doesnâ€™t want to make America great. He wants to make it afraid, because that's the only way he wins",-1
Leading criminologist on Trump's speech: â€œA good illustration of how to lie with statistics.â€ ,-1
Donald Trump doesn't represent us. His ideas don't represent us. And his values don't represent us. Add your name,-1
"One of the best produced, including the incredible stage &amp; set, in the history of conventions. Great unity! Big T.V. ratings! @KarlRove",0
Thank you Cleveland. We love you and will be back many times!,0
What a great four days in Cleveland. So proud of the great job done by the RNC and all. The police and Secret Service were fantastic!,1
President. Donald. Trump. Get your free sticker to show the world you're not about to let that happen,-1
MAKE AMERICA SAFE AND GREAT AGAIN! #RNCinCLE,1
How will you feel if you wake up on Jan. 20 to President Trump? Chip in now to help keep him out of the White House,-1
FORMAL ACCEPTANCE OF THE NOMINATION! #TrumpPence16,1
This is realâ€”Donald Trump just accepted the @GOP nomination.RT if you agree: We can't let him become president.,-1
"""Iâ€™m with you*"" â€”@realDonaldTrump *Not included: women, African Americans, LGBT people, Muslims, Latinos, immigrants...",-1
History is watching,0
Donald Trump's plan mostly benefits billionaires -- and millionaires like Donald Trump.,-1
Fixed it for you. #RNCInCLE,1
We are better than this.,0
This is literally Donald Trump's plan to fight ISIS. #RNCinCLE,1
"Here's how the Republican ticket would ""protect"" LGBT Americans. #RNCinCLE ",1
Trump is right about one thing. #RNCinCLE,1
"You are not our voice, @realDonaldTrump.",-1
.@TheEconomist ranked a Donald Trump presidency as the third greatest threat to the global economy. #RNCinCLE,-1
Let's review the record.,0
"If Trump wants to talk about debt, letâ€™s start with the $34 trillion (that's a ""t"") his tax plan would run up.",-1
Trump is just wrong about crime. #RNCInCLE,-1
This itself is a lie. #RNCInCLE,-1
Show @realDonaldTrump that his hateful words have a cost. Chip in $1 every time he lies.,-1
ğŸ‘€  #RNCinCLE,1
You can watch 360 video live from the podium! #RNCinCLE #TrumpIsWithYou #MakeAmericaGreatAgain,1
"Follow @TheBriefing2016 tonight for live fact-checking of Donald Trumpâ€™s #RNCinCLE speech. The best facts, in fact.",1
Thank you to the @NBA for standing with the LGBT community today! A big win for equality and fairness over discrimination and fear.,0
"""It's pretty obvious he doesn't know a lot about the issues."" â€”@SenateMajLdr on Trump We couldn't agree more, Mitch",-1
So much for party unity.,0
The only one to benefit by casting our commitment to NATO in doubt is Russia. #NATO #StandTogether,0
"""Dummy."" ""Slob."" ""Animal."" Here's what @realDonaldTrump has said about you #TrumpYourself",-1
This is a MOVEMENT! #RNCinCLE,1
Itâ€™s hard to keep track of all of the ignorant and divisive things Trump and Pence have saidâ€”so we did it for you.,-1
Now might be a good time to follow us on Snapchat.,0
"""A sniveling coward""  ""Carnival barker"" Just some of the things Republicans at the #RNCinCLE have said about Trump",-1
Hillary's spent her career helping others. @realDonaldTrump? He only helps himself. A side-by-side comparison,-1
Thank you @DonaldJTrumpJr. Proud of you! #RNCinCLE #TrumpPence2016,1
Now we know what Trump really thinks about us. Sad! #TrumpYourself,-1
BEST THING EVER. What has Donald Trump said about people like you? #TrumpYourself,0
"""If I were in charge, they would know...waterboarding is how we'd baptize terrorists."" â€”Sarah Palin, Trump supporter",1
Great job @IvankaTrump! #RNCinCLE,1
Introducing #TrumpYourself: Discover what @realDonaldTrump thinks about people like you.,0
"Other than a small group of people who have suffered massive and embarrassing losses, the party is VERY united. Great love in the arena!",0
"Ted Cruz talks about the Constitution but doesn't say that if the Dems win the Presidency, the new JUSTICES appointed will destroy us all!",1
"""You do not represent us. Your ideas donâ€™t represent us. Your values donâ€™t represent us.""",0
"I am soooo proud of my children, Don, Eric and Tiffany - their speeches, under enormous pressure, were incredible. Ivanka intros me tonight!",1
Donald Trump is...occasionally right. #RNCinCLE,1
Great job @EricTrump! Proud of you! #AmericaFirst #RNCinCLE,1
MAKE AMERICA GREAT AGAIN!,0
Vote your conscience.,0
Donald Trump chose one of the most anti-LGBT politicians in the country to be his Vice President. #RNCinCLE,-1
Great job @EricTrump! Proud of you! #AmericaFirst #RNCinCLE,1
Newt once compared Planned Parenthood to ISIS. Yeah.,0
We made this when we thought Newt might be Trumpâ€™s VP pick. He wasnâ€™t. Here you go anyway! #RNCinCLE,0
A speaker tonight said that Donald Trump always pays his bills.Annnd that claim just got rated false. #RNCINCLE,-1
"""Pathological liar."" ""Out of a psychology textbook."" ""Narcissist."" â€”@tedcruz on Trump, 78 days ago #RNCinCLE",-1
Thank you @IngrahamAngle! #AmericaFirst,0
#AmericaFirst #RNCinCLE ,1
Fact check: The #RNCinCLE speakers are lying to Americaâ€”at least 67 times so far.,-1
"I applaud the 5th Circuit for blocking Texas's voter ID lawâ€”one of the most restrictive in America. Let's make voting easier, not harder. -H",0
Whose rights has Mike Pence restricted? âœ“Women âœ“Immigrants âœ“LGBT people,-1
Trump or Pence: Who said it worse? It's a close call.,-1
What our president says matters. We can't let @realDonaldTrump's hateful words speak for us.,-1
.@HillaryClinton is committed to working to overturn disastrous #CitizensUnited decision within her first 30 days.,-1
"Last night's #RNCinCLE theme: ""Make America Work* Again""",1
Trump says he'd run the U.S. like his businesses. Which pretty much means letting America go bankrupt.,-1
"""I will bring people together."" â€”@realDonaldTrump Yeah, we don't think so.",-1
The media is spending more time doing a forensic analysis of Melania's speech than the FBI spent on Hillary's emails.,1
Good news is Melania's speech got more publicity than any in the history of politics especially if you believe that all press is good press!,1
"""He won me over with that Mexican rapist speech."" â€”Ann Coulter on Donald Trump",1
"Trump doesn't represent us or our values. Join the 100,000 people who have already signed our letter if you agree",-1
"In November, I think the people of Ohio will remember that the Republicans picked Cleveland instead of going to another state. Jobs!",1
Bill Hemmer of @FoxNews was very nice in explaining the excitement and energy in the arena. More than in past years.,0
"On the #RNCinCLE's ""economy night,"" here's everything we learned about Donald Trump's economic plan",1
"Congratulations to my children, Don and Tiffany, on having done a fantastic job last night. I am very proud of you!",1
So...what exactly did we learn tonight about Donald Trump's economic plan? #RNCinCLE,0
"Yeah, Donald Trump has been a real gem to working women. #RNCinCLE ",1
It's not brain surgery: Republicans tend to be a bit more truth-y when the presidency isn't on the line. #RNCinCLE,1
"If Donald Trump wants to make America great again, he should start by actually making things in America.",0
Donald Trump's record of success. #RNCinCLE,1
"Lots of talk of ""talent and drive"" about someone who repeatedly drives his businesses into the ground. #RNCinCLE",-1
This small business owner sold Donald Trump pianos for his Atlantic City casino.Trump stiffed him for the payment.,-1
"The Republican Party platform is so hateful, you'd think Donald Trump wrote it himself.",-1
But @SpeakerRyan still endorses Donald Trump for president anyway. #RNCinCLE ,1
Such a great honor to be the Republican Nominee for President of the United States. I will work hard and never let you down! AMERICA FIRST!,1
Let's do this,0
Donald Trump is literally the Republican nominee for president. ,1
Donald Trump just became the Republican nominee. Chip in now to make sure he never steps foot in the Oval Office.,-1
We watched the first night of the #RNCinCLE so you didn't have to. Some of the worst of what we heard,-1
The ROLL CALL is beginning at the Republican National Convention. Very exciting!,1
"Live from HQ: @BrynneCraig, @LorellaPraeli, and @JessLivMo introduce our 3 Million Stronger voter registration goal",0
Donald Trump is sued for housing discrimination. Hillary begins her career at the Children's Defense Fund,-1
#MakeAmericaWorkAgain #TrumpPence16 #RNCinCLE,1
"""He's built his empire on other people's backs."" â€”A small business owner who Donald Trump still owes $30,000",-1
"2,016 and counting: We're reading thousands of lawsuits involving @realDonaldTrump live on Facebook.",-1
"We think Trump's been involved in more than 5,500 lawsuits. We're going to try and read them all in 4 hours",-1
"""Nothing is more ridiculous than Trump's claim that he's the enemy of Wall Street."" â€”@BarneyFrank",1
"Weâ€™re going to enfranchise as many Americans as possible, and we're going to win. Join us",0
"""@RoxaneTancredi:  Democrats are coming to TRUMP. I used to be proud of the dem party. No more It is crooked and not for the people.""",1
Trump bulldozed his way into this nomination by sowing hateâ€”add your name to tell him that's not who we are,-1
A small business owner sold Donald Trump pianos for his Atlantic City casino. Trump stiffed him for the payment.,-1
"It was truly an honor to introduce my wife, Melania. Her speech and demeanor were absolutely incredible. Very proud! #GOPConvention",1
A good reminder. #RNCinCLE,1
Chip in $1 if you agree we canâ€™t let Trump â€œwin so big.â€ #RNCinCLE,-1
@HillaryClinton tells @charlierose Trump is the most dangerous presidential candidate in the history of this country,-1
"Watch out, fog machine rental company. Trump isn't great at paying his invoices",-1
Literally. #RNCinCLE ,1
"When @realDonaldTrump makes you mad, chip in to make himâ€¦sad!",-1
"Trump took over $100,000 from emergency 9/11 funds for small businessesâ€”for his swanky Wall Street property.",-1
"Republicans have a lot of nice things to sayâ€”when it's not an election year. Thanks, Mayor Giuliani. #RNCinCLE",1
Republicans say the world doesn't respect us. The world disagrees. #RNCinCLE https://t.co/xDCAikvvUo,1
Remember when Tom Cotton wrote a letter to the leader of Iran to undermine the Obama admin?,0
Tonight is no different than every other day in Trumplandia: he has been disparaging our community from day one.,-1
Meet the starting line-up for Team Trump at the #RNCinCLE,0
Will be on @OreillyFactor tonight at 8:30pm @FoxNews- prior to Melania's speech at the #GOPConvention. Tune in- she will do great! #RNCinCLE,1
"""Donald Trump lost control of his own convention before it even started."" #RNCinCLE",-1
#MakeAmericaSafeAgain! #GOPConvention #RNCinCLE ,1
"With five million lives on the line, SCOTUS should grant DOJ's petition to rehear U.S. v. Texas. Let's keep immigrant families together. -H",0
"Lincoln called it ""terrible."" FDR said he hated it. @realDonaldTrump? ""I love war.""",-1
Todayâ€™s #RNCinCLE theme: â€œLaw and Order.â€,0
Networks other than low ratings @CNN have been very fair and exciting!,0
".@CNN is the worst.They go to their dumb, one-sided panels when a podium speaker is for Trump! VAST MAJORITY want: Make America Great Again!",1
"""I think Hillary will go down as one of the finest secretaries of state we've had."" â€“@POTUS",-1
So this is kind of scary...,0
We can't let these two anywhere near the White House.,-1
"Looking forward to being at the convention tonight to watch all of the wonderful speakers including my wife, Melania. Place looks beautiful!",0
"""Iâ€™m pleased to announce a nationwide drive to get 3 million people to register to vote and commit to vote in this election."" â€”Hillary",0
We're watching the Party of Lincoln become the Party of Trump. That's not just a loss for our countryâ€”it's a threat.,-1
"Thank you Mahoning County, Ohio! See you soon! #MakeAmericaSafeAgain ",0
"""In times like these, we need a president who can help pull us together, not split us apart. I will work every single day to do just that.""",0
Letâ€™s also put ourselves in the shoes of police officers. Empathy works both ways. Weâ€™ve got to try to see the world through their eyes.,0
White Americans need to do a better job of listening when African Americans talk about the seen and unseen barriers that you face every day.,0
"""Ending systemic racism requires contributions from us all, especially those of us who havenâ€™t experienced it ourselves."" â€”Hillary",0
Fixing the mass incarceration crisis. Dismantling the school-to-prison pipeline. Helping the formerly incarcerated. It's time to act.,0
We must fight for criminal justice reform. Everyone is safer when there is respect for the law and when everyone is respected by the law.,0
"""Perhaps the best way to honor our police is to follow the lead of police departments across the country who are striving to do better.""",0
"""Killing police officers is a terrible crime...anyone who kills a police officer and anyone who helps must be held accountable."" â€”Hillary",0
Watch live as Hillary speaks to the @NAACP in Cincinnati,1
Donald Trump: We're going to do everything we can to make sure you never become president.,1
"Confessions of a Republican: ""I was a Republican... Trump, he's a different kind of man. This man scares me.""",-1
Donald Trump is about to become the @GOP nominee for president. Add your name if you won't let him win,-1
I stand with everyone at the International AIDS Conference in Durban in the fight for an #AIDSFreeGeneration -H,0
"""I think the Party is about to make a terrible mistake in Cleveland."" A confession from a Republican on Trump:",-1
Getting rid of gun-free school zones. Banning Muslims entering the country. What you need to know about Trump,-1
STILL AHEAD: @realDonaldTrump joins us at 7am/et! #RNCinCLE ,1
"""Are you going to vote for the guy who wants to build a wall or for someone who's building bridges?"" â€”@Lin_Manuel",-1
"Eric Garner was killed two years ago today. Here's how his mother, Gwen Carr, is advocating for reform: https://t.co/C2II9Lvb9H",
Just a few of the ways @realDonaldTrump has proven that he's unfit for the presidency,-1
"President Obama just had a news conference, but he doesn't have a clue. Our country is a divided crime scene, and it will only get worse!",0
"Our country is totally divided and our enemies are watching. We are not looking good, we are not looking smart, we are not looking tough!",0
Hillary's statement on the shooting in Baton Rouge,0
"""@60Minutes: DonaldTrump and his running mate @Mike_Pence to appear on #60Minutes in first joint interview. CBS""",0
I will be on @60Minutes tonight at 7:00 P.M. with Mike Pence talking about LAW AND ORDER and many other subjects! Bad times for divided USA!,0
"We are TRYING to fight ISIS, and now our own people are killing our police. Our country is divided and out of control. The world is watching",0
We grieve for the officers killed in Baton Rouge today. How many law enforcement and people have to...,0
That time Donald Trump introduced his running mate...sort of.,0
The ratings at @FoxNews blow away the ratings of @CNN - not even close. That's because CNN is the Clinton News Network and people don't like,1
".@FoxNews is much better, and far more truthful, than @CNN, which is all negative. Guests are stacked for Crooked Hillary! I don't watch.",1
"I hope that Crooked Hillary picks Goofy Elizabeth Warren, sometimes referred to as Pocahontas, as her V.P. Then we can litigate her fraud!",1
"It doesn't matter that Crooked Hillary has experience, look at all of the bad decisions she has made. Bernie said she has bad judgement!",1
"As the days and weeks go by,  we see what a total mess our country (and world) is in - Crooked Hillary Clinton led Obama into bad decisions!",1
We are going to have a great time in Cleveland. Will lead to special results for our country. We will Make America Great Again!,0
"Goofy Elizabeth Warren, who may be the least productive Senator in the U.S. Senate, must prove she is not a fraud. Without the con it's over",0
"Thank you to Jack Morgan, Tamara Neo, Cheryl Ann Kraft and all of my friends and supporters in Virginia. GREAT JOB!",0
Thank you to Chris Cox and Bikers for Trump - Your support has been amazing. I will never forget. MAKE AMERICA GREAT AGAIN!,1
Your potential next president on building a wall... And bathrooms.,-1
Mike Pence would outlaw abortion. And Donald Trump just made him his running mate,-1
Bad for: âœ”ï¸ The economy âœ”ï¸ Women âœ”ï¸ Immigrants  âœ”ï¸ And *literally* the planet ,-1
Thank you! #TrumpPence16,1
"Well, â€‹*weâ€™ve*â€‹ got plenty to say about Mike Pence. Here you go",0
"Donald Trump's VP pick Mike Pence is anti-woman, anti-LGBTQ, anti-immigrant, but pro-cigarettes  ",-1
.@realDonaldTrump and @mike_pence are a threat to all LGBTQ people have fought for. Now more than ever #ImWithHer,-1
"Trump thinks he's ""great for women"" but this is one of the most anti-woman tickets in history.",-1
FACT: Mike Pence advocated for legislation that allowed businesses to discriminate against LGBT people.,-1
Donald Trump: Always divisive. Not so decisive.,-1
"Crooked Hillary Clinton is bought and paid for by Wall Street, lobbyists and special interests. She will sell our country down the tubes!",1
"Very sad that a person who has made so many mistakes, Crooked Hillary Clinton, can put out such false and vicious ads with her phony money!",1
"Crooked Hillary, who embarrassed herself and the country with her e-mail lies, has been a DISASTER on foreign policy. Look what's happening!",1
"Crooked Hillary is spending big Wall Street money on ads saying I don't have foreign policy experience, yet look what her policies have done",1
Look forward to introducing Governor Mike Pence (who has done a spectacular job in the great State of Indiana). My first choice from start!,1
Look forward to Governor Mike Pence V.P. introduction tomorrow in New York City.,0
Hillary on the situation in #Turkey.,0
"Trump's VP pick #MikePence: A-rated by the NRA, accepted tens of thousands in campaign donations from the gun lobby",-1
Mike Pence: Heâ€™s Donald Trump with a different haircut.,-1
"Gov Pence has a long history of supporting policies attacking ppl who donâ€™t look like him. (Anti-LGBT law, attempt to block refugee family)",-1
Mike Pence's battle against Planned Parenthood caused an HIV outbreak in Indiana. ,-1
"Oh, and one time Pence wrote an op-ed titled â€œSmoking Doesnâ€™t Kill.â€",-1
"If you like Donald Trump, youâ€™re going to love his choice for vice president.",1
"Get to know Trump's VP pick, Mike Pence: current governor of Indiana and potential disaster for America.",-1
"Chip in to keep Donald Trump, Mike Pence, and their extreme agenda out of the White House",-1
"If you had any doubts about Trump sticking with his dangerous plan for America, say hello to his VP pick",-1
It's official: @realDonaldTrump just chose Mike Pence as his running mate. What you need to know about him:,0
I am pleased to announce that I have chosen Governor Mike Pence as my Vice Presidential running mate. News conference tomorrow at 11:00 A.M.,0
Four more years of weakness with a Crooked Hillary Administration is not acceptable. Look what has happened to the world with O &amp; Hillary!,1
"Thank you, Virginia and Senator @TimKaine",0
#NeverTrump is never more. They were crushed last night in Cleveland at Rules Committee by a vote of 87-12. MAKE AMERICA GREAT AGAIN!,-1
"""Every American stands in strong solidarity with the people of France"" â€”Hillary on the attack in Nice",0
"My prayers and condolences to the victims and families of the terrible tragedy in Nice, France. We are with you in every way!",0
"In light of the horrible attack in Nice, France, I have postponed tomorrow's news conference concerning my Vice Presidential announcement.",0
"Another horrific attack, this time in Nice, France. Many dead and injured. When will we learn? It is only getting worse.",0
"11 Senate Dems &amp; I sent a letter to @usedgov, @FTC, @CFPB &amp; @DeptVetAffairs about fake schools like Trump â€œU",-1
"""This is one of the most consequential elections in our history."" â€”@HillaryClinton. Join us",-1
Watch live as Hillary and Senator @TimKaine take the stage in Virginia,0
Weâ€™ve got to say with one voice that Latinos are a vital part of the American community.,0
I'm an American and I'm proud to fight for a candidate that believes we are ALL Americans #JuntosSePuede ,0
"I employ many people in the State of Virginia - JOBS, JOBS, JOBS! Crooked Hillary will sell us out, just like her husband did with NAFTA.",1
"One year in, the #IranDeal has put a lid on Iranâ€™s nuclear program. Strong, principled diplomacy can work. Effective enforcement is key. -H",0
"â€œWe have to move our country and ourselvesâ€¦toward a future that reflects the simple, timeless notion that all of us are equal.â€ â€”Hillary",0
"When our kids are scared by our politicians and policy debates, itâ€™s a sign something has gone badly off the rails",-1
"""I will say what Donald Trump wonâ€™t: Judge Curiel is as American as I am and as American as Donald Trump."" â€”Hillary",-1
"Even @SpeakerRyan called Trumpâ€™s comments on Judge Curiel, â€œthe textbook definition of a racist comment.â€",-1
".@realDonaldTrump said a federal judge can't be trusted because of his ""Mexican heritage."" That just fans the flames of racial division.",-1
"Next week in Cleveland, Republicans will nominate someone who thinks â€œLatino outreachâ€ is tweeting out a picture of a taco bowl.",0
"Too many kids say bye to their parents every morning, not knowing if mom or dad will be there when they get home. We have to fix this.",0
"Hillary's new college plan will help more students, especially students of color, afford college",-1
No one who works full-time in America should ever live in poverty. We need to raise the minimum wage.,0
Another new poll. Thank you for your support! Join the MOVEMENT today! #ImWithYou,0
Great new poll- thank you America! #Trump2016 #ImWithYou,1
In the fight to stop Donald Trump we've got a devastating tool: literally Donald Trump. Follow for a daily dose of stuff he's actually said.,1
"Remember: When @realDonaldTrump opens his mouth, our kids are listening.",-1
Gun violence against Americans is all of our problem. We need to solve it together.,0
"In America, we lift each other up. We build bridges, not walls. We stand together because we're stronger together.",-1
"If I win the Presidency, we will swamp Justice Ginsburg with real judges and real legal opinions!",0
On my way to San Diego to raise money for the Republican Party. I am spending a lot myself and also helping others.,1
Voters understand that Crooked Hillary's negative ads are not true- just like her email lies and her other fraudulent activity.,1
Despite spending $500k a day on TV ads alone #CrookedHillary falls flat in nationwide @QuinnipiacPoll. Having ZERO impact. Sad!!,1
Lyin' Crooked Hillary's email stories all have one thing in common. ,1
Is President Obama trying to destroy Israel with all his bad moves? Think about it and let me know!,1
The Republican platform is most pro-Israel of all time!,-1
New GOP platform now includes language that supports the border wall. We will build the wall and MAKE AMERICA SAFE AGAIN!,1
"""We need a leader who will push us all to make our society more tolerant, inclusive, and fair."" â€”@MarkKellyTyler",0
"#CrookedHillary is outspending me by a combined 31 to 1 in Florida, Ohio, &amp; Pennsylvania. I haven't started yet! ",1
Letâ€™s be more than allies to each other. Letâ€™s take on each otherâ€™s struggles as our own.,0
"""Donald Trumpâ€™s campaign adds up to an ugly, dangerous message to America. A message that you should be afraid."" â€”Hillary",-1
"""I do wish Donald would listen to other people once in a while. He might actually learn something. But...he only listens to himself.""",-1
"Imagine if Trump had not just Twitter to go after critics and opponents, but also the IRSâ€”or our military. Do you think heâ€™d be restrained?",-1
Trump has banished members of the press who have criticized him. Is there any doubt he would do the same as president?,-1
"""When kids are scared by political candidates and policy debates, itâ€™s a sign something has gone badly wrong."" â€”Hillary",-1